id,name,attachmentType,hardPointCost,price,rarity,purchasable,effect
balanced-hilt,Balanced Hilt,weapon,1,1000.0,,True,"The weapon gains Accurate 1, or increases its existing Accurate rating by 1."
duelist-cross-guard,Duelist Cross Guard,weapon,1,800.0,,True,"When an opponent makes a melee attack against the wielder and generates at least 1 uncanceled Threat, the wielder may suffer 1 strain to add 2 Threat to the attack's results."
razor-edge,Razor Edge,weapon,1,1250.0,,True,"The weapon gains Pierce 2, or increases an existing Pierce rating by 1. Reduce its Critical rating by 1, to a minimum of 1."
recurve-limbs,Recurve Limbs,weapon,1,300.0,,True,"For bows and crossbows. The weapon gains Pierce 2, or increases an existing Pierce rating by 1. It also gains or increases Unwieldy as appropriate."
serrated-edge,Serrated Edge,weapon,1,75.0,,True,"For bladed weapons. The weapon gains Vicious 1, or increases its existing Vicious rating by 1."
superior-weapon-customization,Superior Weapon Customization,weapon,1,750.0,,True,The weapon gains the Superior quality.
weapon-sling,Weapon Sling,weapon,1,25.0,,True,"Reduces the attached weapon's Encumbrance by 2, to a minimum of 0."
weighted-head,Weighted Head,weapon,1,250.0,,True,The weapon gains +2 damage and gains or increases Cumbersome as appropriate.
reinforced-haft,Reinforced Haft,weapon,1,400.0,,True,"The weapon gains Defensive 1, or increases its existing Defensive rating by 1."
valyrian-steel,Valyrian Steel,weapon,0,,,False,"For weapons with a plausible steel striking component. The weapon gains Superior, +2 damage, and Vicious 2. Reduce its Encumbrance by 1, to a minimum of 1. Valyrian Steel does not grant Pierce and does not stack with incompatible edge, point, or material modifications."
deflective-plating,Deflective Plating,armor,1,450.0,,True,The armor grants +1 ranged defense.
intimidating-visage,Intimidating Visage,armor,0,236.0,,True,Add 1 Boost die to Coercion checks and 1 Setback die to Charm checks while wearing the armor.
reinforced-plating,Reinforced Plating,armor,2,8000.0,,True,The armor gains the Reinforced quality and its Encumbrance increases by 1.
gilded,Gilded,armor,0,3000.0,,True,"Add 1 Boost die to Charm, Negotiation, and Leadership checks while wearing the armor."
spikes,Spikes,armor,1,1200.0,,True,"When targeted by a melee attack, spend 3 Threat or 1 Despair generated by the attacker's check to inflict 3 wounds on the attacker."
fine-armor-fitting,Fine Armor Fitting,armor,1,750.0,,True,"Reduce the armor's Encumbrance by 1 while worn, to a minimum of 1."
concealed-armor,Concealed Armor,armor,1,250.0,,True,Add 1 Boost die to checks made to conceal the armor.
