id,name,skill,damageType,damage,critical,range,thrownRange,encumbrance,hardPoints,price,rarity,qualities,effect
club,Club,melee-light,brawn-plus,2,5,Engaged,,2,0,50,,,
dagger,Dagger,melee-light,brawn-plus,1,2,Engaged,,1,1,150,,,
sword,Sword,melee-light,brawn-plus,2,2,Engaged,,1,1,225,,Defensive 1,
longsword,Longsword,melee-light,brawn-plus,3,2,Engaged,,2,1,225,,Defensive 1,
axe,Axe,melee-light,brawn-plus,2,3,Engaged,,2,1,175,,Vicious 1,
mace,Mace,melee-light,brawn-plus,2,4,Engaged,,2,1,175,,Pierce 2,
warhammer,Warhammer,melee-light,brawn-plus,2,4,Engaged,,2,1,225,,Pierce 3,
light-spear,Light Spear,melee-light,brawn-plus,2,4,Engaged,Short,2,1,125,,Accurate 1|Defensive 1,
spear,Spear,melee-heavy,brawn-plus,3,3,Engaged,,2,1,225,,Defensive 1|Pierce 1|Brace,
greatsword,Greatsword,melee-heavy,brawn-plus,5,2,Engaged,,3,2,275,,Defensive 1|Pierce 1|Unwieldy 3,
greataxe,Greataxe,melee-heavy,brawn-plus,5,3,Engaged,,4,2,200,,Cumbersome 3|Vicious 2,
maul,Maul,melee-heavy,brawn-plus,6,4,Engaged,,4,2,275,,Cumbersome 3|Inaccurate 1|Pierce 3,
polearm,Polearm,melee-heavy,brawn-plus,4,3,Engaged,,3,2,250,,Defensive 1|Pierce 1,
pike,Pike,melee-heavy,brawn-plus,4,3,Short,,4,2,200,,Cumbersome 3|Brace,Cannot be used to attack targets at Engaged range.
lance,Lance,melee-heavy,brawn-plus,4,3,Engaged,,4,2,250,,Cumbersome 3,Normally requires two hands. May be used one-handed while mounted. A mounted Charge with a lance gains Pierce 2.
staff,Staff,melee-heavy,brawn-plus,2,4,Engaged,,3,1,100,,Defensive 1,
shield,Shield,melee-light,brawn-plus,0,6,Engaged,,2,1,60,,Defensive 1|Deflection 1|Inaccurate 1|Knockdown,
dart,Dart,ranged,brawn-plus,1,3,Short,,1,0,20,,Limited Ammo 1,
throwing-knife,Throwing Knife,ranged,brawn-plus,1,2,Short,,1,0,50,,Limited Ammo 1,
sling,Sling,ranged,fixed,4,4,Medium,,1,0,25,,Concussive 1,
bow,Bow,ranged,fixed,7,3,Medium,,2,2,500,,,
longbow,Longbow,ranged,fixed,8,3,Long,,3,2,750,,Cumbersome 3,
light-crossbow,Light Crossbow,ranged,fixed,7,2,Medium,,3,2,675,,Pierce 1|Prepare 1,
heavy-crossbow,Heavy Crossbow,ranged,fixed,9,2,Long,,4,2,950,,Cumbersome 3|Pierce 2|Prepare 2,
