id,name,tier,activation,ranked,prerequisites,description
bought-info,Bought Info,1,Active (Action),false,,"Instead of making a Knowledge check, spend 100 silver stags times the difficulty of the check to automatically succeed with one net Success. The GM may disallow this when the information is unavailable, especially sensitive, or cannot reasonably be purchased."
clever-retort,Clever Retort,1,"Active (Incidental, Out of Turn)",false,,"Once per encounter, add two automatic Threat to another character's social skill check."
desperate-recovery,Desperate Recovery,1,Passive,false,,"When recovering strain at the end of an encounter, if your current strain exceeds half your strain threshold, recover 2 additional strain."
duelist,Duelist,1,Passive,false,,Add one Boost die to melee combat checks while engaged with a single opponent. Add one Setback die to melee combat checks while engaged with three or more opponents.
durable,Durable,1,Passive,true,,"Reduce Critical Injury results you suffer by 10 per rank of Durable, to a minimum result of 01."
forager,Forager,1,Passive,false,,"Remove up to two Setback dice from checks to find food, water, or shelter. Foraging and area-search checks take half the normal time."
grit,Grit,1,Passive,true,,Increase your strain threshold by 1 per rank.
hamstring-shot,Hamstring Shot,1,Active (Action),false,,"Once per round, make a ranged combat check against a non-vehicle target. On a successful hit, halve the attack's damage before soak and immobilize the target until the end of its next turn."
jump-up,Jump Up,1,Active (Incidental),false,,"Once per round on your turn, stand from a prone or seated position as an incidental."
knack-for-it,Knack for It,1,Passive,true,,"When first purchased, choose one non-combat skill and remove two Setback dice from checks using it. Each additional rank adds two more eligible skills."
know-somebody,Know Somebody,1,Active (Incidental),true,,"Once per session when purchasing a legally available item, reduce its rarity by 1 per rank of Know Somebody."
lets-ride,Let's Ride,1,Active (Incidental),false,,"Once per round on your turn, mount or dismount an animal, or change position on a mount or vehicle, as an incidental. You also suffer no damage from a short-range fall from a mount or vehicle and land on your feet."
one-with-nature,One with Nature,1,Active (Incidental),false,,"While in the wilderness, you may make a Simple Survival check instead of Discipline or Cool when recovering strain at the end of an encounter."
parry,Parry,1,"Active (Incidental, Out of Turn)",true,,"When hit by a melee combat check while wielding a melee weapon, suffer 3 strain before applying soak to reduce the hit's damage by 2 plus your ranks in Parry. May be used once per hit."
proper-upbringing,Proper Upbringing,1,Active (Incidental),true,,"When making a social skill check in polite company, suffer strain up to your ranks in Proper Upbringing to add an equal number of automatic Advantage to the check."
quick-draw,Quick Draw,1,Active (Incidental),false,,"Once per round on your turn, draw or holster an easily accessible weapon or item as an incidental. Reduce a weapon's Prepare rating by 1, to a minimum of 1."
quick-strike,Quick Strike,1,Passive,true,,Add one Boost die per rank to combat checks against targets that have not yet taken their turn in the current encounter.
rapid-reaction,Rapid Reaction,1,"Active (Incidental, Out of Turn)",true,,"When making a Cool or Vigilance check for initiative, suffer strain up to your ranks in Rapid Reaction to add an equal number of automatic Successes."
second-wind,Second Wind,1,Active (Incidental),true,,"Once per encounter, recover strain equal to your ranks in Second Wind."
surgeon,Surgeon,1,Passive,true,,"When you make a Medicine check to heal wounds, the target heals 1 additional wound per rank of Surgeon."
swift,Swift,1,Passive,false,,Ignore movement penalties from difficult terrain.
toughened,Toughened,1,Passive,true,,Increase your wound threshold by 2 per rank.
unremarkable,Unremarkable,1,Passive,false,,Other characters add one Setback die to checks made to find or identify you in a crowd.
apothecary,Apothecary,1,Passive,true,,A patient under your care heals 2 additional wounds per rank of Apothecary whenever they heal wounds through natural rest.
bullrush,Bullrush,1,Active (Incidental),false,,"After using a maneuver to engage a target and making a Brawl, Melee (Light), or Melee (Heavy) attack, spend 3 Advantage or a Triumph to knock the target prone and move it up to one range band away."
challenge,Challenge!,1,Active (Maneuver),true,,"Once per encounter, choose adversaries within short range up to your ranks in Challenge! Until the encounter ends or you are incapacitated, those adversaries add one Boost die when attacking you and two Setback dice when attacking other characters."
finesse,Finesse,1,Active (Incidental),false,,"When making a Brawl or Melee (Light) check, you may use Agility instead of Brawn. Melee damage is still based on Brawn."
painful-blow,Painful Blow,1,Active (Incidental),false,,"Before making a combat check, increase its difficulty once. If the attack inflicts at least one wound, the target suffers 2 strain whenever it performs a maneuver for the remainder of the encounter."
shield-slam,Shield Slam,1,Active (Incidental),false,,"When attacking a minion or rival with a shield, spend 4 Advantage or a Triumph to stagger the target until the end of its next turn."
tavern-brawler,Tavern Brawler,1,Passive,false,,Add one automatic Advantage to Brawl combat checks and combat checks made with improvised weapons.
tumble,Tumble,1,Active (Incidental),false,,"Once per round on your turn, suffer 2 strain to disengage from all adversaries with whom you are engaged."
lightning-draw,Lightning Draw,1,Passive,false,,"The first time you draw a Melee (Light) or Melee (Heavy) weapon during an encounter, increase that weapon's base damage by 2 until the end of your current turn."
grapple,Grapple,1,Active (Incidental),false,,"Suffer 2 strain to use this talent. Until the start of your next turn, enemies must spend two maneuvers instead of one to disengage from you."
berserk,Berserk,2,Active (Maneuver),false,,"Once per encounter, enter a berserk state until the encounter ends or you are incapacitated. Add one automatic Success and two automatic Advantage to your melee combat checks, but opponents add one automatic Success to combat checks targeting you. You cannot make ranged combat checks while berserk and suffer 6 strain when the effect ends."
coordinated-assault,Coordinated Assault,2,Active (Maneuver),true,,"Once per turn, choose allies up to your Leadership ranks. Eligible allies add one automatic Advantage to combat checks until the end of your next turn. At first rank they must be engaged with you; the range increases by one band for each additional rank."
counteroffer,Counteroffer,2,Active (Action),false,,"Once per session, target a non-nemesis adversary within medium range with an opposed Negotiation versus Discipline check. On success, stagger the target until the end of its next turn. At the GM's discretion, a Triumph may temporarily turn the target into an ally."
defensive-stance,Defensive Stance,2,Active (Maneuver),true,,"Once per round, suffer strain up to your ranks in Defensive Stance. Until the end of your next turn, upgrade the difficulty of melee combat checks targeting you once per strain suffered."
dual-wielder,Dual Wielder,2,Active (Maneuver),false,,"Once per round, use a maneuver to decrease the difficulty of the next combined two-weapon combat check you make during the same turn by one."
heightened-awareness,Heightened Awareness,2,Passive,false,,Allies within short range add one Boost die to Perception and Vigilance checks. Allies engaged with you add two Boost dice instead.
inspiring-rhetoric,Inspiring Rhetoric,2,Active (Action),false,,"Make an Average Leadership check. Each net Success allows one ally within short range to recover 1 strain, and each Advantage allows one affected ally to recover 1 additional strain."
innovator,Innovator,2,Active (Incidental),true,,"When constructing new items or modifying existing ones, add one Boost die per rank of Innovator. You may also attempt to reconstruct devices or items you have heard described even without having seen them or possessing plans."
lucky-strike,Lucky Strike,2,Active (Incidental),false,,"Choose one characteristic when purchasing this talent. After a successful combat check, spend a Story Point to add damage equal to that characteristic's rating to one hit."
scathing-tirade,Scathing Tirade,2,Active (Action),false,,"Make an Average Coercion check. Each net Success causes one enemy within short range to suffer 1 strain, and each Advantage causes one affected enemy to suffer 1 additional strain."
side-step,Side Step,2,Active (Maneuver),true,,"Once per round, suffer strain up to your ranks in Side Step. Until the end of your next turn, upgrade the difficulty of ranged combat checks targeting you once per strain suffered."
block,Block,2,"Active (Incidental, Out of Turn)",false,parry,"While wielding a shield, you may use Parry to reduce damage from ranged attacks targeting you as well as melee attacks."
bulwark,Bulwark,2,"Active (Incidental, Out of Turn)",false,parry,"While wielding a weapon with the Defensive quality, you may use Parry to reduce the damage of an attack targeting an engaged ally."
dirty-tricks,Dirty Tricks,2,Active (Incidental),false,,"After you inflict a Critical Injury on an adversary, upgrade the difficulty of that adversary's next check once."
exploit-armor,Exploit Armor,2,Passive,false,grapple,"Against an adversary currently affected by your Grapple talent, your Brawl and Melee (Light) attacks ignore Soak provided by worn armor."
heroic-recovery,Heroic Recovery,2,Active (Incidental),false,,"Choose one characteristic when purchasing this talent. Once per encounter, spend a Story Point to recover strain equal to the rating of that characteristic."
impaling-strike,Impaling Strike,2,Active (Incidental),false,,"When you inflict a Critical Injury with any melee weapon, you may also immobilize the target until the end of its next turn."
reckless-charge,Reckless Charge,2,Active (Incidental),false,,"When an attack qualifies as a Charge under the Charge rules, add two automatic Advantage and two automatic Threat to the attack."
threaten,Threaten,2,"Active (Incidental, Out of Turn)",true,,"After an adversary within range damages one of your allies, suffer 3 strain to inflict strain on that adversary equal to your ranks in Coercion. The initial range is short and increases by one range band for each rank of Threaten beyond the first."
animal-companion,Animal Companion,3,Passive,true,,"Bond with an animal approved by the GM. The first rank allows a silhouette 0 companion. Once per round, spend a maneuver to direct the companion to perform one action and one maneuver. Each additional rank increases the maximum companion silhouette by 1."
dodge,Dodge,3,"Active (Incidental, Out of Turn)",true,,"When targeted by a combat check, suffer strain up to your ranks in Dodge to upgrade the difficulty of that check an equal number of times."
eagle-eyes,Eagle Eyes,3,Active (Incidental),false,,"Once per encounter before making a ranged combat check, increase the weapon's range by one range band for that check, to a maximum of extreme range."
field-commander,Field Commander,3,Active (Action),false,,"Make an Average Leadership check. On success, a number of allies up to your Presence may each suffer 1 strain to immediately perform one out-of-turn maneuver."
inspiring-rhetoric-improved,Inspiring Rhetoric (Improved),3,Passive,false,inspiring-rhetoric,Allies affected by your Inspiring Rhetoric add one Boost die to all skill checks for a number of rounds equal to your ranks in Leadership.
natural,Natural,3,Active (Incidental),false,,"Choose two skills when purchasing this talent. Once per session, reroll one check made using either chosen skill."
painkiller-specialization,Painkiller Specialization,3,Passive,true,,"Whenever painkillers or their setting-equivalent heal wounds, the target heals 1 additional wound per rank. Normal limits on repeated doses still apply."
parry-improved,Parry (Improved),3,"Active (Incidental, Out of Turn)",false,parry,"After using Parry against a melee hit, spend a Despair or three Threat from the attacker's check to automatically hit the attacker once with Brawl or a wielded melee weapon. The hit deals base damage plus applicable bonuses. This cannot be used if the original attack incapacitates you."
rapid-archery,Rapid Archery,3,Active (Maneuver),false,,"While armed with a bow, suffer 2 strain. During your next ranged combat check this turn, the bow gains Linked with a rating equal to your ranks in Ranged."
scathing-tirade-improved,Scathing Tirade (Improved),3,Passive,false,scathing-tirade,Enemies affected by your Scathing Tirade add one Setback die to all skill checks for a number of rounds equal to your ranks in Coercion.
backstab,Backstab,3,Active (Action),false,,"Attack an unaware adversary with a Melee (Light) weapon using Skulduggery instead of Melee (Light). If successful, each net Success adds 2 damage rather than the normal 1."
body-guard,Body Guard,3,Active (Maneuver),true,,"Once per round, suffer strain up to your ranks in Body Guard and choose an engaged ally. Until the end of your next turn, upgrade the difficulty of combat checks targeting that ally once per strain suffered."
cavalier,Cavalier,3,Active (Maneuver),false,,"While riding a battle-trained mount, once per round use a maneuver to direct the mount to perform an action."
counterattack,Counterattack,3,"Active (Incidental, Out of Turn)",false,parry-improved,"When Improved Parry causes you to automatically hit an attacker, you may also activate one item quality of the weapon used as though you had generated the Advantage normally required to activate that quality."
dual-strike,Dual Strike,3,Active (Incidental),false,,"When resolving a combined melee attack with two weapons, suffer 2 strain to hit with the secondary weapon without spending the Advantage normally required to trigger the second hit."
easy-prey,Easy Prey,3,Active (Maneuver),false,,"Suffer 3 strain. Until the start of your next turn, you and allies within short range add two Boost dice to combat checks against immobilized targets."
precise-archery,Precise Archery,3,Passive,false,,"When making a Ranged combat check against a target engaged with one of your allies, downgrade the difficulty once, negating the normal penalty for firing at an engaged target."
find-the-gap,Find the Gap,3,Active (Incidental),false,,"When making an unarmed Brawl check against a living opponent, you may deal strain damage instead of wound damage and add your ranks in Medicine to the strain damage inflicted."
cant-we-talk-about-this,Can't We Talk About This?,4,Active (Action),false,,"Make an opposed Charm or Deception versus Discipline check against one non-nemesis adversary within medium range. On success, the target cannot attack or take hostile action against you until the end of its next turn. Two Advantage can extend the effect by one turn, and a Triumph can extend it to the target's identified allies within short range. The effect ends if you or a known ally attacks the target."
deadeye,Deadeye,4,Active (Incidental),false,,"After inflicting and rolling a Critical Injury with a ranged weapon, suffer 2 strain to replace the rolled Critical Injury with another Critical Injury of the same severity."
defensive,Defensive,4,Passive,true,,Increase both melee defense and ranged defense by 1 per rank.
enduring,Enduring,4,Passive,true,,Increase soak by 1 per rank.
field-commander-improved,Field Commander (Improved),4,Passive,false,field-commander,Field Commander may affect allies equal to twice your Presence. A Triumph on the Leadership check may allow one affected ally to suffer 1 strain and perform an action instead of a maneuver.
inspiring-rhetoric-supreme,Inspiring Rhetoric (Supreme),4,Active (Incidental),false,inspiring-rhetoric,Suffer 1 strain to use Inspiring Rhetoric as a maneuver instead of an action.
scathing-tirade-supreme,Scathing Tirade (Supreme),4,Active (Incidental),false,scathing-tirade,Suffer 1 strain to use Scathing Tirade as a maneuver instead of an action.
back-to-back,Back-to-Back,4,Passive,false,,"While engaged with one or more allies, you and those allies add one Boost die to combat checks. If an engaged ally also has Back-to-Back, the effects stack to a maximum of two Boost dice."
unrelenting,Unrelenting,4,Active (Incidental),false,,"Once per round after resolving a successful Brawl, Melee (Light), or Melee (Heavy) attack, suffer 4 strain to immediately make another melee attack against the same target. Increase the second attack's difficulty once if using a second weapon, or twice if using the same weapon."
dedication,Dedication,5,Passive,true,,"Increase one characteristic by 1 per rank, to a maximum of 5. The same characteristic cannot be increased by Dedication more than once."
indomitable,Indomitable,5,"Active (Incidental, Out of Turn)",false,,"Once per encounter, when exceeding your wound or strain threshold would incapacitate you, spend a Story Point to delay incapacitation until the end of your next turn. If you reduce the relevant wounds or strain below the threshold before then, you remain conscious."
master,Master,5,Active (Incidental),false,,"Choose one skill when purchasing this talent. Once per round, suffer 2 strain to reduce the difficulty of your next check using that skill by two, to a minimum of Easy."
ruinous-repartee,Ruinous Repartee,5,Active (Action),false,,"Once per encounter, make an opposed Charm or Coercion versus Discipline check against one character within medium range or earshot. On success, the target suffers strain equal to twice your Presence plus 1 per net Success, and you recover strain equal to the amount inflicted."
crushing-blow,Crushing Blow,5,Active (Incidental),false,,"Once per session after rolling a melee attack but before resolving it, suffer 4 strain. For that attack, the weapon gains Breach 1 and Knockdown and destroys one non-Reinforced item wielded by the target."
lets-talk-this-over,Let's Talk This Over,5,"Active (Incidental, Out of Turn)",false,,"Once per session when combat against sentient opponents is about to begin, make a Daunting Charm check. On success, replace the combat encounter with a social encounter in which the PCs attempt to resolve the conflict without violence."
retribution,Retribution!,5,"Active (Incidental, Out of Turn)",false,,"Once per round when an adversary attacks an ally within medium range, spend a Story Point to automatically hit that adversary once with a wielded weapon if it is within range. Deal the weapon's base damage plus applicable talent and ability bonuses."
